Metin Türü,ID,HukukiMetinID
Aydınlatma Metni,1,101
Aydınlatma Metni,2,101
Aydınlatma Metni,3,101
Aydınlatma Metni,4,101
Aydınlatma Metni,5,101
Aydınlatma Metni,6,101
Aydınlatma Metni,7,101
Aydınlatma Metni,8,101
Aydınlatma Metni,9,101
Aydınlatma Metni,10,101
Aydınlatma Metni,11,101
Aydınlatma Metni,12,101
Aydınlatma Metni,13,101
Aydınlatma Metni,14,101
Aydınlatma Metni,15,101
Aydınlatma Metni,16,101
Aydınlatma Metni,17,101
Aydınlatma Metni,18,101
Aydınlatma Metni,19,101
Aydınlatma Metni,20,101
Aydınlatma Metni,21,101
Aydınlatma Metni,22,101
Aydınlatma Metni,23,101
Aydınlatma Metni,24,101
Aydınlatma Metni,25,101
Aydınlatma Metni,26,101
Aydınlatma Metni,27,101
Aydınlatma Metni,28,101
Aydınlatma Metni,29,101
Aydınlatma Metni,30,101
Aydınlatma Metni,31,101
Aydınlatma Metni,32,101
Aydınlatma Metni,33,101
Aydınlatma Metni,34,101
Aydınlatma Metni,35,101
Aydınlatma Metni,36,101
Aydınlatma Metni,37,101
Aydınlatma Metni,38,101
Aydınlatma Metni,39,101
Aydınlatma Metni,40,101
Aydınlatma Metni,41,101
Aydınlatma Metni,42,101
Aydınlatma Metni,43,101
Aydınlatma Metni,44,101
Aydınlatma Metni,45,101
Aydınlatma Metni,46,101
Aydınlatma Metni,47,101
Aydınlatma Metni,48,101
Aydınlatma Metni,49,101
Aydınlatma Metni,50,101
Aydınlatma Metni,51,101
Aydınlatma Metni,52,101
Aydınlatma Metni,53,101
Aydınlatma Metni,54,101
Aydınlatma Metni,55,101
Aydınlatma Metni,56,101
Aydınlatma Metni,57,101
Aydınlatma Metni,58,101
Aydınlatma Metni,59,101
Aydınlatma Metni,60,101
Aydınlatma Metni,61,101
Aydınlatma Metni,62,101
Aydınlatma Metni,63,101
Aydınlatma Metni,64,101
Aydınlatma Metni,65,101
Aydınlatma Metni,66,101
Aydınlatma Metni,67,101
Aydınlatma Metni,68,101
Aydınlatma Metni,69,101
Aydınlatma Metni,70,101
Aydınlatma Metni,71,101
Aydınlatma Metni,72,101
Aydınlatma Metni,73,101
Aydınlatma Metni,74,101
Aydınlatma Metni,75,101
Aydınlatma Metni,76,101
Aydınlatma Metni,77,101
Aydınlatma Metni,78,101
Aydınlatma Metni,79,101
Aydınlatma Metni,80,101
Aydınlatma Metni,81,101
Aydınlatma Metni,82,101
Aydınlatma Metni,83,101
Aydınlatma Metni,84,101
Aydınlatma Metni,85,101
Aydınlatma Metni,86,101
Aydınlatma Metni,87,101
Aydınlatma Metni,88,101
Aydınlatma Metni,89,101
Aydınlatma Metni,90,101
Aydınlatma Metni,91,101
Aydınlatma Metni,92,101
Aydınlatma Metni,93,101
Aydınlatma Metni,94,101
Aydınlatma Metni,95,101
Aydınlatma Metni,96,101
Aydınlatma Metni,97,101
Aydınlatma Metni,98,101
Aydınlatma Metni,99,101
Aydınlatma Metni,100,101
Aydınlatma Metni,101,101
Aydınlatma Metni,102,101
Aydınlatma Metni,103,101
Aydınlatma Metni,104,101
Aydınlatma Metni,105,101
Aydınlatma Metni,106,101
Aydınlatma Metni,107,101
Aydınlatma Metni,108,101
Aydınlatma Metni,109,101
Aydınlatma Metni,110,101
Aydınlatma Metni,111,101
Aydınlatma Metni,112,101
Aydınlatma Metni,113,101
Aydınlatma Metni,114,101
Aydınlatma Metni,115,101
Aydınlatma Metni,116,101
Aydınlatma Metni,117,101
Aydınlatma Metni,118,101
Aydınlatma Metni,119,101
Aydınlatma Metni,120,101
Aydınlatma Metni,121,101
Aydınlatma Metni,122,101
Aydınlatma Metni,123,101
Aydınlatma Metni,124,101
Aydınlatma Metni,125,101
Aydınlatma Metni,126,101
Aydınlatma Metni,127,101
Aydınlatma Metni,128,101
Aydınlatma Metni,129,101
Aydınlatma Metni,130,101
Aydınlatma Metni,131,101
Aydınlatma Metni,132,101
Aydınlatma Metni,133,101
Aydınlatma Metni,134,101
Aydınlatma Metni,135,101
Aydınlatma Metni,136,101
Aydınlatma Metni,137,101
Aydınlatma Metni,138,101
Aydınlatma Metni,139,101
Aydınlatma Metni,140,101
Aydınlatma Metni,141,101
Aydınlatma Metni,142,101
Aydınlatma Metni,143,101
Aydınlatma Metni,144,101
Aydınlatma Metni,145,101
Aydınlatma Metni,146,101
Aydınlatma Metni,147,101
Aydınlatma Metni,148,101
Aydınlatma Metni,149,101
Aydınlatma Metni,150,101
Aydınlatma Metni,151,101
Aydınlatma Metni,152,101
Aydınlatma Metni,153,101
Aydınlatma Metni,154,101
Aydınlatma Metni,155,101
Aydınlatma Metni,156,101
Aydınlatma Metni,157,101
Aydınlatma Metni,158,101
Aydınlatma Metni,159,101
Aydınlatma Metni,160,101
Aydınlatma Metni,161,101
Aydınlatma Metni,162,101
Aydınlatma Metni,163,101
Aydınlatma Metni,164,101
Aydınlatma Metni,165,101
Aydınlatma Metni,166,101
Aydınlatma Metni,167,101
Aydınlatma Metni,168,101
Aydınlatma Metni,169,101
Aydınlatma Metni,170,101
Aydınlatma Metni,171,101
Aydınlatma Metni,172,101
Aydınlatma Metni,173,101
Aydınlatma Metni,174,101
Aydınlatma Metni,175,101
Aydınlatma Metni,176,101
Aydınlatma Metni,177,101
Aydınlatma Metni,178,101
Aydınlatma Metni,179,101
Aydınlatma Metni,180,101
Aydınlatma Metni,181,101
Aydınlatma Metni,182,101
Aydınlatma Metni,183,101
Aydınlatma Metni,184,101
Aydınlatma Metni,185,101
Aydınlatma Metni,186,101
Aydınlatma Metni,187,101
Aydınlatma Metni,188,101
Aydınlatma Metni,189,101
Aydınlatma Metni,190,101
Aydınlatma Metni,191,101
Aydınlatma Metni,192,101
Aydınlatma Metni,193,101
Aydınlatma Metni,194,101
Aydınlatma Metni,195,101
Aydınlatma Metni,196,101
Aydınlatma Metni,197,101
Aydınlatma Metni,198,101
Aydınlatma Metni,199,101
Aydınlatma Metni,200,101
Aydınlatma Metni,201,101
Aydınlatma Metni,202,101
Aydınlatma Metni,203,101
Aydınlatma Metni,204,101
Aydınlatma Metni,205,101
Aydınlatma Metni,206,101
Aydınlatma Metni,207,101
Aydınlatma Metni,208,101
Aydınlatma Metni,209,101
Aydınlatma Metni,210,101
Aydınlatma Metni,211,101
Aydınlatma Metni,212,101
Aydınlatma Metni,213,101
Aydınlatma Metni,214,101
Aydınlatma Metni,215,101
Aydınlatma Metni,216,101
Aydınlatma Metni,217,101
Aydınlatma Metni,218,101
Aydınlatma Metni,219,101
Aydınlatma Metni,220,101
Aydınlatma Metni,221,101
Aydınlatma Metni,222,101
Aydınlatma Metni,223,101
Aydınlatma Metni,224,101
Aydınlatma Metni,225,101
Aydınlatma Metni,226,101
Aydınlatma Metni,227,101
Aydınlatma Metni,228,101
Aydınlatma Metni,229,101
Aydınlatma Metni,230,101
Aydınlatma Metni,231,101
Aydınlatma Metni,232,101
Aydınlatma Metni,233,101
Aydınlatma Metni,234,101
Aydınlatma Metni,235,101
Aydınlatma Metni,236,101
Aydınlatma Metni,237,101
Aydınlatma Metni,238,101
Aydınlatma Metni,239,101
Aydınlatma Metni,240,101
Aydınlatma Metni,241,101
Aydınlatma Metni,242,101
Aydınlatma Metni,243,101
Aydınlatma Metni,244,101
Aydınlatma Metni,245,101
Aydınlatma Metni,246,101
Aydınlatma Metni,247,101
Aydınlatma Metni,248,101
Aydınlatma Metni,249,101
Aydınlatma Metni,250,101
Aydınlatma Metni,251,101
Aydınlatma Metni,252,101
Aydınlatma Metni,253,101
Aydınlatma Metni,254,101
Aydınlatma Metni,255,101
Aydınlatma Metni,256,101
Aydınlatma Metni,257,101
Aydınlatma Metni,258,101
Aydınlatma Metni,259,101
Aydınlatma Metni,260,101
Aydınlatma Metni,261,101
Aydınlatma Metni,262,101
Aydınlatma Metni,263,101
Aydınlatma Metni,264,101
Aydınlatma Metni,265,101
Aydınlatma Metni,266,101
Aydınlatma Metni,267,101
Aydınlatma Metni,268,101
Aydınlatma Metni,269,101
Aydınlatma Metni,270,101
Aydınlatma Metni,271,101
Aydınlatma Metni,272,101
Aydınlatma Metni,273,101
Aydınlatma Metni,274,101
Aydınlatma Metni,275,101
Aydınlatma Metni,276,101
Aydınlatma Metni,277,101
Aydınlatma Metni,278,101
Aydınlatma Metni,279,101
Aydınlatma Metni,280,101
Aydınlatma Metni,281,101
Aydınlatma Metni,282,101
Aydınlatma Metni,283,101
Aydınlatma Metni,284,101
Aydınlatma Metni,285,101
Aydınlatma Metni,286,101
Aydınlatma Metni,287,101
Aydınlatma Metni,288,101
Aydınlatma Metni,289,101
Aydınlatma Metni,290,101
Aydınlatma Metni,291,101
Aydınlatma Metni,292,101
Aydınlatma Metni,293,101
Aydınlatma Metni,294,101
Aydınlatma Metni,295,101
Aydınlatma Metni,296,101
Aydınlatma Metni,297,101
Aydınlatma Metni,298,101
Aydınlatma Metni,299,101
Aydınlatma Metni,300,101
Aydınlatma Metni,301,101
Aydınlatma Metni,302,101
Aydınlatma Metni,303,101
Aydınlatma Metni,304,101
Aydınlatma Metni,305,101
Aydınlatma Metni,306,101
Aydınlatma Metni,307,101
Aydınlatma Metni,308,101
Aydınlatma Metni,309,101
Aydınlatma Metni,310,101
Aydınlatma Metni,311,101
Aydınlatma Metni,312,101
Aydınlatma Metni,313,101
Aydınlatma Metni,314,101
Aydınlatma Metni,315,101
Aydınlatma Metni,316,101
Aydınlatma Metni,317,101
Aydınlatma Metni,318,101
Aydınlatma Metni,319,101
Aydınlatma Metni,320,101
Aydınlatma Metni,321,101
Aydınlatma Metni,322,101
Aydınlatma Metni,323,101
Aydınlatma Metni,324,101
Aydınlatma Metni,325,101
Aydınlatma Metni,326,101
Aydınlatma Metni,327,101
Aydınlatma Metni,328,101
Aydınlatma Metni,329,101
Aydınlatma Metni,330,101
Aydınlatma Metni,331,101
Aydınlatma Metni,332,101
Aydınlatma Metni,333,101
Aydınlatma Metni,334,101
Aydınlatma Metni,335,101
Aydınlatma Metni,336,101
Aydınlatma Metni,337,101
Aydınlatma Metni,338,101
Aydınlatma Metni,339,101
Aydınlatma Metni,340,101
Aydınlatma Metni,341,101
Aydınlatma Metni,342,101
Aydınlatma Metni,343,101
Aydınlatma Metni,344,101
Aydınlatma Metni,345,101
Aydınlatma Metni,346,101
Aydınlatma Metni,347,101
Aydınlatma Metni,348,101
Aydınlatma Metni,349,101
Aydınlatma Metni,350,101
Aydınlatma Metni,351,101
Aydınlatma Metni,352,101
Aydınlatma Metni,353,101
Aydınlatma Metni,354,101
Aydınlatma Metni,355,101
Aydınlatma Metni,356,101
Aydınlatma Metni,357,101
Aydınlatma Metni,358,101
Aydınlatma Metni,359,101
Aydınlatma Metni,360,101
Aydınlatma Metni,361,101
Aydınlatma Metni,362,101
Aydınlatma Metni,363,101
Aydınlatma Metni,364,101
Aydınlatma Metni,365,101
Aydınlatma Metni,366,101
Aydınlatma Metni,367,101
Aydınlatma Metni,368,101
Aydınlatma Metni,369,101
Aydınlatma Metni,370,101
Aydınlatma Metni,371,101
Aydınlatma Metni,372,101
Aydınlatma Metni,373,101
Aydınlatma Metni,374,101
Aydınlatma Metni,375,101
Aydınlatma Metni,376,101
Aydınlatma Metni,377,101
Aydınlatma Metni,378,101
Aydınlatma Metni,379,101
Aydınlatma Metni,380,101
Aydınlatma Metni,381,101
Aydınlatma Metni,382,101
Aydınlatma Metni,383,101
Aydınlatma Metni,384,101
Aydınlatma Metni,385,101
Aydınlatma Metni,386,101
Aydınlatma Metni,387,101
Aydınlatma Metni,388,101
Aydınlatma Metni,389,101
Aydınlatma Metni,390,101
Aydınlatma Metni,391,101
Aydınlatma Metni,392,101
Aydınlatma Metni,393,101
Aydınlatma Metni,394,101
Aydınlatma Metni,395,101
Aydınlatma Metni,396,101
Aydınlatma Metni,397,101
Aydınlatma Metni,398,101
Aydınlatma Metni,399,101
Aydınlatma Metni,400,101
Aydınlatma Metni,401,101
Aydınlatma Metni,402,101
Aydınlatma Metni,403,101
Aydınlatma Metni,404,101
Aydınlatma Metni,405,101
Aydınlatma Metni,406,101
Aydınlatma Metni,407,101
Aydınlatma Metni,408,101
Aydınlatma Metni,409,101
Aydınlatma Metni,410,101
Aydınlatma Metni,411,101
Aydınlatma Metni,412,101
Aydınlatma Metni,413,101
Aydınlatma Metni,414,101
Aydınlatma Metni,415,101
Aydınlatma Metni,416,101
Aydınlatma Metni,417,101
Aydınlatma Metni,418,101
Aydınlatma Metni,419,101
Aydınlatma Metni,420,101
Aydınlatma Metni,421,101
Aydınlatma Metni,422,101
Aydınlatma Metni,423,101
Aydınlatma Metni,424,101
Aydınlatma Metni,425,101
Aydınlatma Metni,426,101
Aydınlatma Metni,427,101
Aydınlatma Metni,428,101
Aydınlatma Metni,429,101
Aydınlatma Metni,430,101
Aydınlatma Metni,431,101
Aydınlatma Metni,432,101
Aydınlatma Metni,433,101
Aydınlatma Metni,434,101
Aydınlatma Metni,435,101
Aydınlatma Metni,436,101
Aydınlatma Metni,437,101
Aydınlatma Metni,438,101
Aydınlatma Metni,439,101
Aydınlatma Metni,440,101
Aydınlatma Metni,441,101
Aydınlatma Metni,442,101
Aydınlatma Metni,443,101
Aydınlatma Metni,444,101
Aydınlatma Metni,445,101
Aydınlatma Metni,446,101
Aydınlatma Metni,447,101
Aydınlatma Metni,448,101
Aydınlatma Metni,449,101
Aydınlatma Metni,450,101
Aydınlatma Metni,451,101
Aydınlatma Metni,452,101
Aydınlatma Metni,453,101
Aydınlatma Metni,454,101
Aydınlatma Metni,455,101
Aydınlatma Metni,456,101
Aydınlatma Metni,457,101
Aydınlatma Metni,458,101
Aydınlatma Metni,459,101
Aydınlatma Metni,460,101
Aydınlatma Metni,461,101
Aydınlatma Metni,462,101
Aydınlatma Metni,463,101
Aydınlatma Metni,464,101
Aydınlatma Metni,465,101
Aydınlatma Metni,466,101
Aydınlatma Metni,467,101
Aydınlatma Metni,468,101
Aydınlatma Metni,469,101
Aydınlatma Metni,470,101
Aydınlatma Metni,471,101
Aydınlatma Metni,472,101
Aydınlatma Metni,473,101
Aydınlatma Metni,474,101
Aydınlatma Metni,475,101
Aydınlatma Metni,476,101
Aydınlatma Metni,477,101
Aydınlatma Metni,478,101
Aydınlatma Metni,479,101
Aydınlatma Metni,480,101
Aydınlatma Metni,481,101
Aydınlatma Metni,482,101
Aydınlatma Metni,483,101
Aydınlatma Metni,484,101
Aydınlatma Metni,485,101
Aydınlatma Metni,486,101
Aydınlatma Metni,487,101
Aydınlatma Metni,488,101
Aydınlatma Metni,489,101
Aydınlatma Metni,490,101
Aydınlatma Metni,491,101
Aydınlatma Metni,492,101
Aydınlatma Metni,493,101
Aydınlatma Metni,494,101
Aydınlatma Metni,495,101
Aydınlatma Metni,496,101
Aydınlatma Metni,497,101
Aydınlatma Metni,498,101
Aydınlatma Metni,499,101
Aydınlatma Metni,500,101
Aydınlatma Metni,501,101
Aydınlatma Metni,502,101
Aydınlatma Metni,503,101
Aydınlatma Metni,504,101
Aydınlatma Metni,505,101
Aydınlatma Metni,506,101
Aydınlatma Metni,507,101
Aydınlatma Metni,508,101
Aydınlatma Metni,509,101
Aydınlatma Metni,510,101
Aydınlatma Metni,511,101
Aydınlatma Metni,512,101
Aydınlatma Metni,513,101
Aydınlatma Metni,514,101
Aydınlatma Metni,515,101
Aydınlatma Metni,516,101
Aydınlatma Metni,517,101
Aydınlatma Metni,518,101
Aydınlatma Metni,519,101
Aydınlatma Metni,520,101
Aydınlatma Metni,521,101
Aydınlatma Metni,522,101
Aydınlatma Metni,523,101
Aydınlatma Metni,524,101
Aydınlatma Metni,525,101
Aydınlatma Metni,526,101
Aydınlatma Metni,527,101
Aydınlatma Metni,528,101
Aydınlatma Metni,529,101
Aydınlatma Metni,530,101
Aydınlatma Metni,531,101
Aydınlatma Metni,532,101
Aydınlatma Metni,533,101
Aydınlatma Metni,534,101
Aydınlatma Metni,535,101
Aydınlatma Metni,536,101
Aydınlatma Metni,537,101
Aydınlatma Metni,538,101
Aydınlatma Metni,539,101
Aydınlatma Metni,540,101
Aydınlatma Metni,541,101
Aydınlatma Metni,542,101
Aydınlatma Metni,543,101
Aydınlatma Metni,544,101
Aydınlatma Metni,545,101
Aydınlatma Metni,546,101
Aydınlatma Metni,547,101
Aydınlatma Metni,548,101
Aydınlatma Metni,549,101
Aydınlatma Metni,550,101
Aydınlatma Metni,551,101
Aydınlatma Metni,552,101
Aydınlatma Metni,553,101
Aydınlatma Metni,554,101
Aydınlatma Metni,555,101
Aydınlatma Metni,556,101
Aydınlatma Metni,557,101
Aydınlatma Metni,558,101
Aydınlatma Metni,559,101
Aydınlatma Metni,560,101
Aydınlatma Metni,561,101
Aydınlatma Metni,562,101
Aydınlatma Metni,563,101
Aydınlatma Metni,564,101
Aydınlatma Metni,565,101
Aydınlatma Metni,566,101
Aydınlatma Metni,567,101
Aydınlatma Metni,568,101
Aydınlatma Metni,569,101
Aydınlatma Metni,570,101
Aydınlatma Metni,571,101
Aydınlatma Metni,572,101
Aydınlatma Metni,573,101
Aydınlatma Metni,574,101
Aydınlatma Metni,575,101
Aydınlatma Metni,576,101
Aydınlatma Metni,577,101
Aydınlatma Metni,578,101
Aydınlatma Metni,579,101
Aydınlatma Metni,580,101
Aydınlatma Metni,581,101
Aydınlatma Metni,582,101
Aydınlatma Metni,583,101
Aydınlatma Metni,584,101
Aydınlatma Metni,585,101
Aydınlatma Metni,586,101
Aydınlatma Metni,587,101
Aydınlatma Metni,588,101
Aydınlatma Metni,589,101
Aydınlatma Metni,590,101
Aydınlatma Metni,591,101
Aydınlatma Metni,592,101
Aydınlatma Metni,593,101
Aydınlatma Metni,594,101
Aydınlatma Metni,595,101
Aydınlatma Metni,596,101
Aydınlatma Metni,597,101
Aydınlatma Metni,598,101
Aydınlatma Metni,599,101
Aydınlatma Metni,600,101
Aydınlatma Metni,601,101
Aydınlatma Metni,602,101
Aydınlatma Metni,603,101
Aydınlatma Metni,604,101
Aydınlatma Metni,605,101
Aydınlatma Metni,606,101
Aydınlatma Metni,607,101
Aydınlatma Metni,608,101
Aydınlatma Metni,609,101
Aydınlatma Metni,610,101
Aydınlatma Metni,611,101
Aydınlatma Metni,612,101
Aydınlatma Metni,613,101
Aydınlatma Metni,614,101
Aydınlatma Metni,615,101
Aydınlatma Metni,616,101
Aydınlatma Metni,617,101
Aydınlatma Metni,618,101
Aydınlatma Metni,619,101
Aydınlatma Metni,620,101
Aydınlatma Metni,621,101
Aydınlatma Metni,622,101
Aydınlatma Metni,623,101
Aydınlatma Metni,624,101
Aydınlatma Metni,625,101
Aydınlatma Metni,626,101
Aydınlatma Metni,627,101
Aydınlatma Metni,628,101
Aydınlatma Metni,629,101
Aydınlatma Metni,630,101
Aydınlatma Metni,631,101
Aydınlatma Metni,632,101
Aydınlatma Metni,633,101
Aydınlatma Metni,634,101
Aydınlatma Metni,635,101
Aydınlatma Metni,636,101
Aydınlatma Metni,637,101
Aydınlatma Metni,638,101
Aydınlatma Metni,639,101
Aydınlatma Metni,640,101
Aydınlatma Metni,641,101
Aydınlatma Metni,642,101
Aydınlatma Metni,643,101
Aydınlatma Metni,644,101
Aydınlatma Metni,645,101
Aydınlatma Metni,646,101
Aydınlatma Metni,647,101
Aydınlatma Metni,648,101
Aydınlatma Metni,649,101
Aydınlatma Metni,650,101
Aydınlatma Metni,651,101
Aydınlatma Metni,652,101
Aydınlatma Metni,653,101
Aydınlatma Metni,654,101
Aydınlatma Metni,655,101
Aydınlatma Metni,656,101
Aydınlatma Metni,657,101
Aydınlatma Metni,658,101
Aydınlatma Metni,659,101
Aydınlatma Metni,660,101
Aydınlatma Metni,661,101
Aydınlatma Metni,662,101
Aydınlatma Metni,663,101
Aydınlatma Metni,664,101
Aydınlatma Metni,665,101
Aydınlatma Metni,666,101
Aydınlatma Metni,667,101
Aydınlatma Metni,668,101
Aydınlatma Metni,669,101
Aydınlatma Metni,670,101
Aydınlatma Metni,671,101
Aydınlatma Metni,672,101
Aydınlatma Metni,673,101
Aydınlatma Metni,674,101
Aydınlatma Metni,675,101
Aydınlatma Metni,676,101
Aydınlatma Metni,677,101
Aydınlatma Metni,678,101
Aydınlatma Metni,679,101
Aydınlatma Metni,680,101
Aydınlatma Metni,681,101
Aydınlatma Metni,682,101
Aydınlatma Metni,683,101
Aydınlatma Metni,684,101
Aydınlatma Metni,685,101
Aydınlatma Metni,686,101
Aydınlatma Metni,687,101
Aydınlatma Metni,688,101
Aydınlatma Metni,689,101
Aydınlatma Metni,690,101
Aydınlatma Metni,691,101
Aydınlatma Metni,692,101
Aydınlatma Metni,693,101
Aydınlatma Metni,694,101
Aydınlatma Metni,695,101
Aydınlatma Metni,696,101
Aydınlatma Metni,697,101
Aydınlatma Metni,698,101
Aydınlatma Metni,699,101
Aydınlatma Metni,700,101
Aydınlatma Metni,701,101
Aydınlatma Metni,702,101
Aydınlatma Metni,703,101
Aydınlatma Metni,704,101
Aydınlatma Metni,705,101
Aydınlatma Metni,706,101
Aydınlatma Metni,707,101
Aydınlatma Metni,708,101
Aydınlatma Metni,709,101
Aydınlatma Metni,710,101
Aydınlatma Metni,711,101
Aydınlatma Metni,712,101
Aydınlatma Metni,713,101
Aydınlatma Metni,714,101
Aydınlatma Metni,715,101
Aydınlatma Metni,716,101
Aydınlatma Metni,717,101
Aydınlatma Metni,718,101
Aydınlatma Metni,719,101
Aydınlatma Metni,720,101
Aydınlatma Metni,721,101
Aydınlatma Metni,722,101
Aydınlatma Metni,723,101
Aydınlatma Metni,724,101
Aydınlatma Metni,725,101
Aydınlatma Metni,726,101
Aydınlatma Metni,727,101
Aydınlatma Metni,728,101
Aydınlatma Metni,729,101
Aydınlatma Metni,730,101
Aydınlatma Metni,731,101
Aydınlatma Metni,732,101
Aydınlatma Metni,733,101
Aydınlatma Metni,734,101
Aydınlatma Metni,735,101
Aydınlatma Metni,736,101
Aydınlatma Metni,737,101
Aydınlatma Metni,738,101
Aydınlatma Metni,739,101
Aydınlatma Metni,740,101
Aydınlatma Metni,741,101
Aydınlatma Metni,742,101
Aydınlatma Metni,743,101
Aydınlatma Metni,744,101
Aydınlatma Metni,745,101
Aydınlatma Metni,746,101
Aydınlatma Metni,747,101
Aydınlatma Metni,748,101
Aydınlatma Metni,749,101
Aydınlatma Metni,750,101
Aydınlatma Metni,751,101
Aydınlatma Metni,752,101
Aydınlatma Metni,753,101
Aydınlatma Metni,754,101
Aydınlatma Metni,755,101
Aydınlatma Metni,756,101
Aydınlatma Metni,757,101
Aydınlatma Metni,758,101
Aydınlatma Metni,759,101
Aydınlatma Metni,760,101
Aydınlatma Metni,761,101
Aydınlatma Metni,762,101
Aydınlatma Metni,763,101
Aydınlatma Metni,764,101
Aydınlatma Metni,765,101
Aydınlatma Metni,766,101
Aydınlatma Metni,767,101
Aydınlatma Metni,768,101
Aydınlatma Metni,769,101
Aydınlatma Metni,770,101
Aydınlatma Metni,771,101
Aydınlatma Metni,772,101
Aydınlatma Metni,773,101
Aydınlatma Metni,774,101
Aydınlatma Metni,775,101
Aydınlatma Metni,776,101
Aydınlatma Metni,777,101
Aydınlatma Metni,778,101
Aydınlatma Metni,779,101
Aydınlatma Metni,780,101
Aydınlatma Metni,781,101
Aydınlatma Metni,782,101
Aydınlatma Metni,783,101
Aydınlatma Metni,784,101
Aydınlatma Metni,785,101
Aydınlatma Metni,786,101
Aydınlatma Metni,787,101
Aydınlatma Metni,788,101
Aydınlatma Metni,789,101
Aydınlatma Metni,790,101
Aydınlatma Metni,791,101
Aydınlatma Metni,792,101
Açık Rıza Metni,1,102
Açık Rıza Metni,2,102
Açık Rıza Metni,3,102
Açık Rıza Metni,4,102
Açık Rıza Metni,5,102
Açık Rıza Metni,6,102
Açık Rıza Metni,7,102
Açık Rıza Metni,8,102
Açık Rıza Metni,9,102
Açık Rıza Metni,10,102
Açık Rıza Metni,11,102
Açık Rıza Metni,12,102
Açık Rıza Metni,13,102
Açık Rıza Metni,14,102
Açık Rıza Metni,15,102
Açık Rıza Metni,16,102
Açık Rıza Metni,17,102
Açık Rıza Metni,18,102
Açık Rıza Metni,19,102
Açık Rıza Metni,20,102
Açık Rıza Metni,21,102
Açık Rıza Metni,22,102
Açık Rıza Metni,23,102
Açık Rıza Metni,24,102
Açık Rıza Metni,25,102
Açık Rıza Metni,26,102
Açık Rıza Metni,27,102
Açık Rıza Metni,28,102
Açık Rıza Metni,29,102
Açık Rıza Metni,30,102
Açık Rıza Metni,31,102
Açık Rıza Metni,32,102
Açık Rıza Metni,33,102
Açık Rıza Metni,34,102
Açık Rıza Metni,35,102
Açık Rıza Metni,36,102
Açık Rıza Metni,37,102
Açık Rıza Metni,38,102
Açık Rıza Metni,39,102
Açık Rıza Metni,40,102
Açık Rıza Metni,41,102
Açık Rıza Metni,42,102
Açık Rıza Metni,43,102
Açık Rıza Metni,44,102
Açık Rıza Metni,45,102
Açık Rıza Metni,46,102
Açık Rıza Metni,47,102
Açık Rıza Metni,48,102
Açık Rıza Metni,49,102
Açık Rıza Metni,50,102
Açık Rıza Metni,51,102
Açık Rıza Metni,52,102
Açık Rıza Metni,53,102
Açık Rıza Metni,54,102
Açık Rıza Metni,55,102
Açık Rıza Metni,56,102
Açık Rıza Metni,57,102
Açık Rıza Metni,58,102
Açık Rıza Metni,59,102
Açık Rıza Metni,60,102
Açık Rıza Metni,61,102
Açık Rıza Metni,62,102
Açık Rıza Metni,63,102
Açık Rıza Metni,64,102
Açık Rıza Metni,65,102
Açık Rıza Metni,66,102
Açık Rıza Metni,67,102
Açık Rıza Metni,68,102
Açık Rıza Metni,69,102
Açık Rıza Metni,70,102
Açık Rıza Metni,71,102
Açık Rıza Metni,72,102
Açık Rıza Metni,73,102
Açık Rıza Metni,74,102
Açık Rıza Metni,75,102
Açık Rıza Metni,76,102
Açık Rıza Metni,77,102
Açık Rıza Metni,78,102
Açık Rıza Metni,79,102
Açık Rıza Metni,80,102
Açık Rıza Metni,81,102
Açık Rıza Metni,82,102
Açık Rıza Metni,83,102
Açık Rıza Metni,84,102
Açık Rıza Metni,85,102
Açık Rıza Metni,86,102
Açık Rıza Metni,87,102
Açık Rıza Metni,88,102
Açık Rıza Metni,89,102
Açık Rıza Metni,90,102
Açık Rıza Metni,91,102
Açık Rıza Metni,92,102
Açık Rıza Metni,93,102
Açık Rıza Metni,94,102
Açık Rıza Metni,95,102
Açık Rıza Metni,96,102
Açık Rıza Metni,97,102
Açık Rıza Metni,98,102
Açık Rıza Metni,99,102
Açık Rıza Metni,100,102
Açık Rıza Metni,101,102
Açık Rıza Metni,102,102
Açık Rıza Metni,103,102
Açık Rıza Metni,104,102
Açık Rıza Metni,105,102
Açık Rıza Metni,106,102
Açık Rıza Metni,107,102
Açık Rıza Metni,108,102
Açık Rıza Metni,109,102
Açık Rıza Metni,110,102
Açık Rıza Metni,111,102
Açık Rıza Metni,112,102
Açık Rıza Metni,113,102
Açık Rıza Metni,114,102
Açık Rıza Metni,115,102
Açık Rıza Metni,116,102
Açık Rıza Metni,117,102
Açık Rıza Metni,118,102
Açık Rıza Metni,119,102
Açık Rıza Metni,120,102
Açık Rıza Metni,121,102
Açık Rıza Metni,122,102
Açık Rıza Metni,123,102
Açık Rıza Metni,124,102
Açık Rıza Metni,125,102
Açık Rıza Metni,126,102
Açık Rıza Metni,127,102
Açık Rıza Metni,128,102
Açık Rıza Metni,129,102
Açık Rıza Metni,130,102
Açık Rıza Metni,131,102
Açık Rıza Metni,132,102
Açık Rıza Metni,133,102
Açık Rıza Metni,134,102
Açık Rıza Metni,135,102
Açık Rıza Metni,136,102
Açık Rıza Metni,137,102
Açık Rıza Metni,138,102
Açık Rıza Metni,139,102
Açık Rıza Metni,140,102
Açık Rıza Metni,141,102
Açık Rıza Metni,142,102
Açık Rıza Metni,143,102
Açık Rıza Metni,144,102
Açık Rıza Metni,145,102
Açık Rıza Metni,146,102
Açık Rıza Metni,147,102
Açık Rıza Metni,148,102
Açık Rıza Metni,149,102
Açık Rıza Metni,150,102
Açık Rıza Metni,151,102
Açık Rıza Metni,152,102
Açık Rıza Metni,153,102
Açık Rıza Metni,154,102
Açık Rıza Metni,155,102
Açık Rıza Metni,156,102
Açık Rıza Metni,157,102
Açık Rıza Metni,158,102
Açık Rıza Metni,159,102
Açık Rıza Metni,160,102
Açık Rıza Metni,161,102
Açık Rıza Metni,162,102
Açık Rıza Metni,163,102
Açık Rıza Metni,164,102
Açık Rıza Metni,165,102
Açık Rıza Metni,166,102
Açık Rıza Metni,167,102
Açık Rıza Metni,168,102
Açık Rıza Metni,169,102
Açık Rıza Metni,170,102
Açık Rıza Metni,171,102
Açık Rıza Metni,172,102
Açık Rıza Metni,173,102
Açık Rıza Metni,174,102
Açık Rıza Metni,175,102
Açık Rıza Metni,176,102
Açık Rıza Metni,177,102
Açık Rıza Metni,178,102
Açık Rıza Metni,179,102
Açık Rıza Metni,180,102
Açık Rıza Metni,181,102
Açık Rıza Metni,182,102
Açık Rıza Metni,183,102
Açık Rıza Metni,184,102
Açık Rıza Metni,185,102
Açık Rıza Metni,186,102
Açık Rıza Metni,187,102
Açık Rıza Metni,188,102
Açık Rıza Metni,189,102
Açık Rıza Metni,190,102
Açık Rıza Metni,191,102
Açık Rıza Metni,192,102
Açık Rıza Metni,193,102
Açık Rıza Metni,194,102
Açık Rıza Metni,195,102
Açık Rıza Metni,196,102
Açık Rıza Metni,197,102
Açık Rıza Metni,198,102
Açık Rıza Metni,199,102
Açık Rıza Metni,200,102
Açık Rıza Metni,201,102
Açık Rıza Metni,202,102
Açık Rıza Metni,203,102
Açık Rıza Metni,204,102
Açık Rıza Metni,205,102
Açık Rıza Metni,206,102
Açık Rıza Metni,207,102
Açık Rıza Metni,208,102
Açık Rıza Metni,209,102
Açık Rıza Metni,210,102
Açık Rıza Metni,211,102
Açık Rıza Metni,212,102
Açık Rıza Metni,213,102
Açık Rıza Metni,214,102
Açık Rıza Metni,215,102
Açık Rıza Metni,216,102
Açık Rıza Metni,217,102
Açık Rıza Metni,218,102
Açık Rıza Metni,219,102
Açık Rıza Metni,220,102
Açık Rıza Metni,221,102
Açık Rıza Metni,222,102
Açık Rıza Metni,223,102
Açık Rıza Metni,224,102
Açık Rıza Metni,225,102
Açık Rıza Metni,226,102
Açık Rıza Metni,227,102
Açık Rıza Metni,228,102
Açık Rıza Metni,229,102
Açık Rıza Metni,230,102
Açık Rıza Metni,231,102
Açık Rıza Metni,232,102
Açık Rıza Metni,233,102
Açık Rıza Metni,234,102
Açık Rıza Metni,235,102
Açık Rıza Metni,236,102
Açık Rıza Metni,237,102
Açık Rıza Metni,238,102
Açık Rıza Metni,239,102
Açık Rıza Metni,240,102
Açık Rıza Metni,241,102
Açık Rıza Metni,242,102
Açık Rıza Metni,243,102
Açık Rıza Metni,244,102
Açık Rıza Metni,245,102
Açık Rıza Metni,246,102
Açık Rıza Metni,247,102
Açık Rıza Metni,248,102
Açık Rıza Metni,249,102
Açık Rıza Metni,250,102
Açık Rıza Metni,251,102
Açık Rıza Metni,252,102
Açık Rıza Metni,253,102
Açık Rıza Metni,254,102
Açık Rıza Metni,255,102
Açık Rıza Metni,256,102
Açık Rıza Metni,257,102
Açık Rıza Metni,258,102
Açık Rıza Metni,259,102
Açık Rıza Metni,260,102
Açık Rıza Metni,261,102
Açık Rıza Metni,262,102
Açık Rıza Metni,263,102
Açık Rıza Metni,264,102
Açık Rıza Metni,265,102
Açık Rıza Metni,266,102
Açık Rıza Metni,267,102
Açık Rıza Metni,268,102
Açık Rıza Metni,269,102
Açık Rıza Metni,270,102
Açık Rıza Metni,271,102
Açık Rıza Metni,272,102
Açık Rıza Metni,273,102
Açık Rıza Metni,274,102
Açık Rıza Metni,275,102
Açık Rıza Metni,276,102
Açık Rıza Metni,277,102
Açık Rıza Metni,278,102
Açık Rıza Metni,279,102
Açık Rıza Metni,280,102
Açık Rıza Metni,281,102
Açık Rıza Metni,282,102
Açık Rıza Metni,283,102
Açık Rıza Metni,284,102
Açık Rıza Metni,285,102
Açık Rıza Metni,286,102
Açık Rıza Metni,287,102
Açık Rıza Metni,288,102
Açık Rıza Metni,289,102
Açık Rıza Metni,290,102
Açık Rıza Metni,291,102
Açık Rıza Metni,292,102
Açık Rıza Metni,293,102
Açık Rıza Metni,294,102
Açık Rıza Metni,295,102
Açık Rıza Metni,296,102
Açık Rıza Metni,297,102
Açık Rıza Metni,298,102
Açık Rıza Metni,299,102
Açık Rıza Metni,300,102
Açık Rıza Metni,301,102
Açık Rıza Metni,302,102
Açık Rıza Metni,303,102
Açık Rıza Metni,304,102
Açık Rıza Metni,305,102
Açık Rıza Metni,306,102
Açık Rıza Metni,307,102
Açık Rıza Metni,308,102
Açık Rıza Metni,309,102
Açık Rıza Metni,310,102
Açık Rıza Metni,311,102
Açık Rıza Metni,312,102
Açık Rıza Metni,313,102
Açık Rıza Metni,314,102
Açık Rıza Metni,315,102
Açık Rıza Metni,316,102
Açık Rıza Metni,317,102
Açık Rıza Metni,318,102
Açık Rıza Metni,319,102
Açık Rıza Metni,320,102
Açık Rıza Metni,321,102
Açık Rıza Metni,322,102
Açık Rıza Metni,323,102
Açık Rıza Metni,324,102
Açık Rıza Metni,325,102
Açık Rıza Metni,326,102
Açık Rıza Metni,327,102
Açık Rıza Metni,328,102
Açık Rıza Metni,329,102
Açık Rıza Metni,330,102
Açık Rıza Metni,331,102
Açık Rıza Metni,332,102
Açık Rıza Metni,333,102
Açık Rıza Metni,334,102
Açık Rıza Metni,335,102
Açık Rıza Metni,336,102
Açık Rıza Metni,337,102
Açık Rıza Metni,338,102
Açık Rıza Metni,339,102
Açık Rıza Metni,340,102
Açık Rıza Metni,341,102
Açık Rıza Metni,342,102
Açık Rıza Metni,343,102
Açık Rıza Metni,344,102
Açık Rıza Metni,345,102
Açık Rıza Metni,346,102
Açık Rıza Metni,347,102
Açık Rıza Metni,348,102
Açık Rıza Metni,349,102
Açık Rıza Metni,350,102
Açık Rıza Metni,351,102
Açık Rıza Metni,352,102
Açık Rıza Metni,353,102
Açık Rıza Metni,354,102
Açık Rıza Metni,355,102
Açık Rıza Metni,356,102
Açık Rıza Metni,357,102
Açık Rıza Metni,358,102
Açık Rıza Metni,359,102
Açık Rıza Metni,360,102
Açık Rıza Metni,361,102
Açık Rıza Metni,362,102
Açık Rıza Metni,363,102
Açık Rıza Metni,364,102
Açık Rıza Metni,365,102
Açık Rıza Metni,366,102
Açık Rıza Metni,367,102
Açık Rıza Metni,368,102
Açık Rıza Metni,369,102
Açık Rıza Metni,370,102
Açık Rıza Metni,371,102
Açık Rıza Metni,372,102
Açık Rıza Metni,373,102
Açık Rıza Metni,374,102
Açık Rıza Metni,375,102
Açık Rıza Metni,376,102
Açık Rıza Metni,377,102
Açık Rıza Metni,378,102
Açık Rıza Metni,379,102
Açık Rıza Metni,380,102
Açık Rıza Metni,381,102
Açık Rıza Metni,382,102
Açık Rıza Metni,383,102
Açık Rıza Metni,384,102
Açık Rıza Metni,385,102
Açık Rıza Metni,386,102
Açık Rıza Metni,387,102
Açık Rıza Metni,388,102
Açık Rıza Metni,389,102
Açık Rıza Metni,390,102
Açık Rıza Metni,391,102
Açık Rıza Metni,392,102
Açık Rıza Metni,393,102
Açık Rıza Metni,394,102
Açık Rıza Metni,395,102
Açık Rıza Metni,396,102
Açık Rıza Metni,397,102
Açık Rıza Metni,398,102
Açık Rıza Metni,399,102
Açık Rıza Metni,400,102
Açık Rıza Metni,401,102
Açık Rıza Metni,402,102
Açık Rıza Metni,403,102
Açık Rıza Metni,404,102
Açık Rıza Metni,405,102
Açık Rıza Metni,406,102
Açık Rıza Metni,407,102
Açık Rıza Metni,408,102
Açık Rıza Metni,409,102
Açık Rıza Metni,410,102
Açık Rıza Metni,411,102
Açık Rıza Metni,412,102
Açık Rıza Metni,413,102
Açık Rıza Metni,414,102
Açık Rıza Metni,415,102
Açık Rıza Metni,416,102
Açık Rıza Metni,417,102
Açık Rıza Metni,418,102
Açık Rıza Metni,419,102
Açık Rıza Metni,420,102
Açık Rıza Metni,421,102
Açık Rıza Metni,422,102
Açık Rıza Metni,423,102
Açık Rıza Metni,424,102
Açık Rıza Metni,425,102
Açık Rıza Metni,426,102
Açık Rıza Metni,427,102
Açık Rıza Metni,428,102
Açık Rıza Metni,429,102
Açık Rıza Metni,430,102
Açık Rıza Metni,431,102
Açık Rıza Metni,432,102
Açık Rıza Metni,433,102
Açık Rıza Metni,434,102
Açık Rıza Metni,435,102
Açık Rıza Metni,436,102
Açık Rıza Metni,437,102
Açık Rıza Metni,438,102
Açık Rıza Metni,439,102
Açık Rıza Metni,440,102
Açık Rıza Metni,441,102
Açık Rıza Metni,442,102
Açık Rıza Metni,443,102
Açık Rıza Metni,444,102
Açık Rıza Metni,445,102
Açık Rıza Metni,446,102
Açık Rıza Metni,447,102
Açık Rıza Metni,448,102
Açık Rıza Metni,449,102
Açık Rıza Metni,450,102
Açık Rıza Metni,451,102
Açık Rıza Metni,452,102
Açık Rıza Metni,453,102
Açık Rıza Metni,454,102
Açık Rıza Metni,455,102
Açık Rıza Metni,456,102
Açık Rıza Metni,457,102
Açık Rıza Metni,458,102
Açık Rıza Metni,459,102
Açık Rıza Metni,460,102
Açık Rıza Metni,461,102
Açık Rıza Metni,462,102
Açık Rıza Metni,463,102
Açık Rıza Metni,464,102
Açık Rıza Metni,465,102
Açık Rıza Metni,466,102
Açık Rıza Metni,467,102
Açık Rıza Metni,468,102
Açık Rıza Metni,469,102
Açık Rıza Metni,470,102
Açık Rıza Metni,471,102
Açık Rıza Metni,472,102
Açık Rıza Metni,473,102
Açık Rıza Metni,474,102
Açık Rıza Metni,475,102
Açık Rıza Metni,476,102
Açık Rıza Metni,477,102
Açık Rıza Metni,478,102
Açık Rıza Metni,479,102
Açık Rıza Metni,480,102
Açık Rıza Metni,481,102
Açık Rıza Metni,482,102
Açık Rıza Metni,483,102
Açık Rıza Metni,484,102
Açık Rıza Metni,485,102
Açık Rıza Metni,486,102
Açık Rıza Metni,487,102
Açık Rıza Metni,488,102
Açık Rıza Metni,489,102
Açık Rıza Metni,490,102
Açık Rıza Metni,491,102
Açık Rıza Metni,492,102
Açık Rıza Metni,493,102
Açık Rıza Metni,494,102
Açık Rıza Metni,495,102
Açık Rıza Metni,496,102
Açık Rıza Metni,497,102
Açık Rıza Metni,498,102
Açık Rıza Metni,499,102
Açık Rıza Metni,500,102
Açık Rıza Metni,501,102
Açık Rıza Metni,502,102
Açık Rıza Metni,503,102
Açık Rıza Metni,504,102
Açık Rıza Metni,505,102
Açık Rıza Metni,506,102
Açık Rıza Metni,507,102
Açık Rıza Metni,508,102
Açık Rıza Metni,509,102
Açık Rıza Metni,510,102
Açık Rıza Metni,511,102
Açık Rıza Metni,512,102
Açık Rıza Metni,513,102
Açık Rıza Metni,514,102
Açık Rıza Metni,515,102
Açık Rıza Metni,516,102
Açık Rıza Metni,517,102
Açık Rıza Metni,518,102
Açık Rıza Metni,519,102
Açık Rıza Metni,520,102
Açık Rıza Metni,521,102
Açık Rıza Metni,522,102
Açık Rıza Metni,523,102
Açık Rıza Metni,524,102
Açık Rıza Metni,525,102
Açık Rıza Metni,526,102
Açık Rıza Metni,527,102
Açık Rıza Metni,528,102
Açık Rıza Metni,529,102
Açık Rıza Metni,530,102
Açık Rıza Metni,531,102
Açık Rıza Metni,532,102
Açık Rıza Metni,533,102
Açık Rıza Metni,534,102
Açık Rıza Metni,535,102
Açık Rıza Metni,536,102
Açık Rıza Metni,537,102
Açık Rıza Metni,538,102
Açık Rıza Metni,539,102
Açık Rıza Metni,540,102
Açık Rıza Metni,541,102
Açık Rıza Metni,542,102
Açık Rıza Metni,543,102
Açık Rıza Metni,544,102
Açık Rıza Metni,545,102
Açık Rıza Metni,546,102
Açık Rıza Metni,547,102
Açık Rıza Metni,548,102
Açık Rıza Metni,549,102
Açık Rıza Metni,550,102
Açık Rıza Metni,551,102
Açık Rıza Metni,552,102
Açık Rıza Metni,553,102
Açık Rıza Metni,554,102
Açık Rıza Metni,555,102
Açık Rıza Metni,556,102
Açık Rıza Metni,557,102
Açık Rıza Metni,558,102
Açık Rıza Metni,559,102
Açık Rıza Metni,560,102
Açık Rıza Metni,561,102
Açık Rıza Metni,562,102
Açık Rıza Metni,563,102
Açık Rıza Metni,564,102
Açık Rıza Metni,565,102
Açık Rıza Metni,566,102
Açık Rıza Metni,567,102
Açık Rıza Metni,568,102
Açık Rıza Metni,569,102
Açık Rıza Metni,570,102
Açık Rıza Metni,571,102
Açık Rıza Metni,572,102
Açık Rıza Metni,573,102
Açık Rıza Metni,574,102
Açık Rıza Metni,575,102
Açık Rıza Metni,576,102
Açık Rıza Metni,577,102
Açık Rıza Metni,578,102
Açık Rıza Metni,579,102
Açık Rıza Metni,580,102
Açık Rıza Metni,581,102
Açık Rıza Metni,582,102
Açık Rıza Metni,583,102
Açık Rıza Metni,584,102
Açık Rıza Metni,585,102
Açık Rıza Metni,586,102
Açık Rıza Metni,587,102
Açık Rıza Metni,588,102
Açık Rıza Metni,589,102
Açık Rıza Metni,590,102
Açık Rıza Metni,591,102
Açık Rıza Metni,592,102
Açık Rıza Metni,593,102
Açık Rıza Metni,594,102
Açık Rıza Metni,595,102
Açık Rıza Metni,596,102
Açık Rıza Metni,597,102
Açık Rıza Metni,598,102
Açık Rıza Metni,599,102
Açık Rıza Metni,600,102
Açık Rıza Metni,601,102
Açık Rıza Metni,602,102
Açık Rıza Metni,603,102
Açık Rıza Metni,604,102
Açık Rıza Metni,605,102
Açık Rıza Metni,606,102
Açık Rıza Metni,607,102
Açık Rıza Metni,608,102
Açık Rıza Metni,609,102
Açık Rıza Metni,610,102
Açık Rıza Metni,611,102
Açık Rıza Metni,612,102
Açık Rıza Metni,613,102
Açık Rıza Metni,614,102
Açık Rıza Metni,615,102
Açık Rıza Metni,616,102
Açık Rıza Metni,617,102
Açık Rıza Metni,618,102
Açık Rıza Metni,619,102
Açık Rıza Metni,620,102
Açık Rıza Metni,621,102
Açık Rıza Metni,622,102
Açık Rıza Metni,623,102
Açık Rıza Metni,624,102
Açık Rıza Metni,625,102
Açık Rıza Metni,626,102
Açık Rıza Metni,627,102
Açık Rıza Metni,628,102
Açık Rıza Metni,629,102
Açık Rıza Metni,630,102
Açık Rıza Metni,631,102
Açık Rıza Metni,632,102
Açık Rıza Metni,633,102
Açık Rıza Metni,634,102
Açık Rıza Metni,635,102
Açık Rıza Metni,636,102
Açık Rıza Metni,637,102
Açık Rıza Metni,638,102
Açık Rıza Metni,639,102
Açık Rıza Metni,640,102
Açık Rıza Metni,641,102
Açık Rıza Metni,642,102
Açık Rıza Metni,643,102
Açık Rıza Metni,644,102
Açık Rıza Metni,645,102
Açık Rıza Metni,646,102
Açık Rıza Metni,647,102
Açık Rıza Metni,648,102
Açık Rıza Metni,649,102
Açık Rıza Metni,650,102
Açık Rıza Metni,651,102
Açık Rıza Metni,652,102
Açık Rıza Metni,653,102
Açık Rıza Metni,654,102
Açık Rıza Metni,655,102
Açık Rıza Metni,656,102
Açık Rıza Metni,657,102
Açık Rıza Metni,658,102
Açık Rıza Metni,659,102
Açık Rıza Metni,660,102
Açık Rıza Metni,661,102
Açık Rıza Metni,662,102
Açık Rıza Metni,663,102
Açık Rıza Metni,664,102
Açık Rıza Metni,665,102
Açık Rıza Metni,666,102
Açık Rıza Metni,667,102
Açık Rıza Metni,668,102
Açık Rıza Metni,669,102
Açık Rıza Metni,670,102
Açık Rıza Metni,671,102
Açık Rıza Metni,672,102
Açık Rıza Metni,673,102
Açık Rıza Metni,674,102
Açık Rıza Metni,675,102
Açık Rıza Metni,676,102
Açık Rıza Metni,677,102
Açık Rıza Metni,678,102
Açık Rıza Metni,679,102
Açık Rıza Metni,680,102
Açık Rıza Metni,681,102
Açık Rıza Metni,682,102
Açık Rıza Metni,683,102
Açık Rıza Metni,684,102
Açık Rıza Metni,685,102
Açık Rıza Metni,686,102
Açık Rıza Metni,687,102
Açık Rıza Metni,688,102
Açık Rıza Metni,689,102
Açık Rıza Metni,690,102
Açık Rıza Metni,691,102
Açık Rıza Metni,692,102
Açık Rıza Metni,693,102
Açık Rıza Metni,694,102
Açık Rıza Metni,695,102
Açık Rıza Metni,696,102
Açık Rıza Metni,697,102
Açık Rıza Metni,698,102
Açık Rıza Metni,699,102
Açık Rıza Metni,700,102
Açık Rıza Metni,701,102
Açık Rıza Metni,702,102
Açık Rıza Metni,703,102
Açık Rıza Metni,704,102
Açık Rıza Metni,705,102
Açık Rıza Metni,706,102
Açık Rıza Metni,707,102
Açık Rıza Metni,708,102
Açık Rıza Metni,709,102
Açık Rıza Metni,710,102
Açık Rıza Metni,711,102
Açık Rıza Metni,712,102
Açık Rıza Metni,713,102
Açık Rıza Metni,714,102
Açık Rıza Metni,715,102
Açık Rıza Metni,716,102
Açık Rıza Metni,717,102
Açık Rıza Metni,718,102
Açık Rıza Metni,719,102
Açık Rıza Metni,720,102
Açık Rıza Metni,721,102
Açık Rıza Metni,722,102
Açık Rıza Metni,723,102
Açık Rıza Metni,724,102
Açık Rıza Metni,725,102
Açık Rıza Metni,726,102
Açık Rıza Metni,727,102
Açık Rıza Metni,728,102
Açık Rıza Metni,729,102
Açık Rıza Metni,730,102
Açık Rıza Metni,731,102
Açık Rıza Metni,732,102
Açık Rıza Metni,733,102
Açık Rıza Metni,734,102
Açık Rıza Metni,735,102
Açık Rıza Metni,736,102
Açık Rıza Metni,737,102
Açık Rıza Metni,738,102
Açık Rıza Metni,739,102
Açık Rıza Metni,740,102
Açık Rıza Metni,741,102
Açık Rıza Metni,742,102
Açık Rıza Metni,743,102
Açık Rıza Metni,744,102
Açık Rıza Metni,745,102
Açık Rıza Metni,746,102
Açık Rıza Metni,747,102
Açık Rıza Metni,748,102
Açık Rıza Metni,749,102
Açık Rıza Metni,750,102
Açık Rıza Metni,751,102
Açık Rıza Metni,752,102
Açık Rıza Metni,753,102
Açık Rıza Metni,754,102
Açık Rıza Metni,755,102
Açık Rıza Metni,756,102
Açık Rıza Metni,757,102
Açık Rıza Metni,758,102
Açık Rıza Metni,759,102
Açık Rıza Metni,760,102
Açık Rıza Metni,761,102
Açık Rıza Metni,762,102
Açık Rıza Metni,763,102
Açık Rıza Metni,764,102
Açık Rıza Metni,765,102
Açık Rıza Metni,766,102
Açık Rıza Metni,767,102
Açık Rıza Metni,768,102
Açık Rıza Metni,769,102
Açık Rıza Metni,770,102
Açık Rıza Metni,771,102
Açık Rıza Metni,772,102
Açık Rıza Metni,773,102
Açık Rıza Metni,774,102
Açık Rıza Metni,775,102
Açık Rıza Metni,776,102
Açık Rıza Metni,777,102
Açık Rıza Metni,778,102
Açık Rıza Metni,779,102
Açık Rıza Metni,780,102
Açık Rıza Metni,781,102
Açık Rıza Metni,782,102
Açık Rıza Metni,783,102
Açık Rıza Metni,784,102
Açık Rıza Metni,785,102
Açık Rıza Metni,786,102
Açık Rıza Metni,787,102
Açık Rıza Metni,788,102
Açık Rıza Metni,789,102
Açık Rıza Metni,790,102
Açık Rıza Metni,791,102
Açık Rıza Metni,792,102
KVKK Onay ve Muvafakatname,1,103
KVKK Onay ve Muvafakatname,2,103
KVKK Onay ve Muvafakatname,3,103
KVKK Onay ve Muvafakatname,4,103
KVKK Onay ve Muvafakatname,5,103
KVKK Onay ve Muvafakatname,6,103
KVKK Onay ve Muvafakatname,7,103
KVKK Onay ve Muvafakatname,8,103
KVKK Onay ve Muvafakatname,9,103
KVKK Onay ve Muvafakatname,10,103
KVKK Onay ve Muvafakatname,11,103
KVKK Onay ve Muvafakatname,12,103
KVKK Onay ve Muvafakatname,13,103
KVKK Onay ve Muvafakatname,14,103
KVKK Onay ve Muvafakatname,15,103
KVKK Onay ve Muvafakatname,16,103
KVKK Onay ve Muvafakatname,17,103
KVKK Onay ve Muvafakatname,18,103
KVKK Onay ve Muvafakatname,19,103
KVKK Onay ve Muvafakatname,20,103
KVKK Onay ve Muvafakatname,21,103
KVKK Onay ve Muvafakatname,22,103
KVKK Onay ve Muvafakatname,23,103
KVKK Onay ve Muvafakatname,24,103
KVKK Onay ve Muvafakatname,25,103
KVKK Onay ve Muvafakatname,26,103
KVKK Onay ve Muvafakatname,27,103
KVKK Onay ve Muvafakatname,28,103
KVKK Onay ve Muvafakatname,29,103
KVKK Onay ve Muvafakatname,30,103
KVKK Onay ve Muvafakatname,31,103
KVKK Onay ve Muvafakatname,32,103
KVKK Onay ve Muvafakatname,33,103
KVKK Onay ve Muvafakatname,34,103
KVKK Onay ve Muvafakatname,35,103
KVKK Onay ve Muvafakatname,36,103
KVKK Onay ve Muvafakatname,37,103
KVKK Onay ve Muvafakatname,38,103
KVKK Onay ve Muvafakatname,39,103
KVKK Onay ve Muvafakatname,40,103
KVKK Onay ve Muvafakatname,41,103
KVKK Onay ve Muvafakatname,42,103
KVKK Onay ve Muvafakatname,43,103
KVKK Onay ve Muvafakatname,44,103
KVKK Onay ve Muvafakatname,45,103
KVKK Onay ve Muvafakatname,46,103
KVKK Onay ve Muvafakatname,47,103
KVKK Onay ve Muvafakatname,48,103
KVKK Onay ve Muvafakatname,49,103
KVKK Onay ve Muvafakatname,50,103
KVKK Onay ve Muvafakatname,51,103
KVKK Onay ve Muvafakatname,52,103
KVKK Onay ve Muvafakatname,53,103
KVKK Onay ve Muvafakatname,54,103
KVKK Onay ve Muvafakatname,55,103
KVKK Onay ve Muvafakatname,56,103
KVKK Onay ve Muvafakatname,57,103
KVKK Onay ve Muvafakatname,58,103
KVKK Onay ve Muvafakatname,59,103
KVKK Onay ve Muvafakatname,60,103
KVKK Onay ve Muvafakatname,61,103
KVKK Onay ve Muvafakatname,62,103
KVKK Onay ve Muvafakatname,63,103
KVKK Onay ve Muvafakatname,64,103
KVKK Onay ve Muvafakatname,65,103
KVKK Onay ve Muvafakatname,66,103
KVKK Onay ve Muvafakatname,67,103
KVKK Onay ve Muvafakatname,68,103
KVKK Onay ve Muvafakatname,69,103
KVKK Onay ve Muvafakatname,70,103
KVKK Onay ve Muvafakatname,71,103
KVKK Onay ve Muvafakatname,72,103
KVKK Onay ve Muvafakatname,73,103
KVKK Onay ve Muvafakatname,74,103
KVKK Onay ve Muvafakatname,75,103
KVKK Onay ve Muvafakatname,76,103
KVKK Onay ve Muvafakatname,77,103
KVKK Onay ve Muvafakatname,78,103
KVKK Onay ve Muvafakatname,79,103
KVKK Onay ve Muvafakatname,80,103
KVKK Onay ve Muvafakatname,81,103
KVKK Onay ve Muvafakatname,82,103
KVKK Onay ve Muvafakatname,83,103
KVKK Onay ve Muvafakatname,84,103
KVKK Onay ve Muvafakatname,85,103
KVKK Onay ve Muvafakatname,86,103
KVKK Onay ve Muvafakatname,87,103
KVKK Onay ve Muvafakatname,88,103
KVKK Onay ve Muvafakatname,89,103
KVKK Onay ve Muvafakatname,90,103
KVKK Onay ve Muvafakatname,91,103
KVKK Onay ve Muvafakatname,92,103
KVKK Onay ve Muvafakatname,93,103
KVKK Onay ve Muvafakatname,94,103
KVKK Onay ve Muvafakatname,95,103
KVKK Onay ve Muvafakatname,96,103
KVKK Onay ve Muvafakatname,97,103
KVKK Onay ve Muvafakatname,98,103
KVKK Onay ve Muvafakatname,99,103
KVKK Onay ve Muvafakatname,100,103
KVKK Onay ve Muvafakatname,101,103
KVKK Onay ve Muvafakatname,102,103
KVKK Onay ve Muvafakatname,103,103
KVKK Onay ve Muvafakatname,104,103
KVKK Onay ve Muvafakatname,105,103
KVKK Onay ve Muvafakatname,106,103
KVKK Onay ve Muvafakatname,107,103
KVKK Onay ve Muvafakatname,108,103
KVKK Onay ve Muvafakatname,109,103
KVKK Onay ve Muvafakatname,110,103
KVKK Onay ve Muvafakatname,111,103
KVKK Onay ve Muvafakatname,112,103
KVKK Onay ve Muvafakatname,113,103
KVKK Onay ve Muvafakatname,114,103
KVKK Onay ve Muvafakatname,115,103
KVKK Onay ve Muvafakatname,116,103
KVKK Onay ve Muvafakatname,117,103
KVKK Onay ve Muvafakatname,118,103
KVKK Onay ve Muvafakatname,119,103
KVKK Onay ve Muvafakatname,120,103
KVKK Onay ve Muvafakatname,121,103
KVKK Onay ve Muvafakatname,122,103
KVKK Onay ve Muvafakatname,123,103
KVKK Onay ve Muvafakatname,124,103
KVKK Onay ve Muvafakatname,125,103
KVKK Onay ve Muvafakatname,126,103
KVKK Onay ve Muvafakatname,127,103
KVKK Onay ve Muvafakatname,128,103
KVKK Onay ve Muvafakatname,129,103
KVKK Onay ve Muvafakatname,130,103
KVKK Onay ve Muvafakatname,131,103
KVKK Onay ve Muvafakatname,132,103
KVKK Onay ve Muvafakatname,133,103
KVKK Onay ve Muvafakatname,134,103
KVKK Onay ve Muvafakatname,135,103
KVKK Onay ve Muvafakatname,136,103
KVKK Onay ve Muvafakatname,137,103
KVKK Onay ve Muvafakatname,138,103
KVKK Onay ve Muvafakatname,139,103
KVKK Onay ve Muvafakatname,140,103
KVKK Onay ve Muvafakatname,141,103
KVKK Onay ve Muvafakatname,142,103
KVKK Onay ve Muvafakatname,143,103
KVKK Onay ve Muvafakatname,144,103
KVKK Onay ve Muvafakatname,145,103
KVKK Onay ve Muvafakatname,146,103
KVKK Onay ve Muvafakatname,147,103
KVKK Onay ve Muvafakatname,148,103
KVKK Onay ve Muvafakatname,149,103
KVKK Onay ve Muvafakatname,150,103
KVKK Onay ve Muvafakatname,151,103
KVKK Onay ve Muvafakatname,152,103
KVKK Onay ve Muvafakatname,153,103
KVKK Onay ve Muvafakatname,154,103
KVKK Onay ve Muvafakatname,155,103
KVKK Onay ve Muvafakatname,156,103
KVKK Onay ve Muvafakatname,157,103
KVKK Onay ve Muvafakatname,158,103
KVKK Onay ve Muvafakatname,159,103
KVKK Onay ve Muvafakatname,160,103
KVKK Onay ve Muvafakatname,161,103
KVKK Onay ve Muvafakatname,162,103
KVKK Onay ve Muvafakatname,163,103
KVKK Onay ve Muvafakatname,164,103
KVKK Onay ve Muvafakatname,165,103
KVKK Onay ve Muvafakatname,166,103
KVKK Onay ve Muvafakatname,167,103
KVKK Onay ve Muvafakatname,168,103
KVKK Onay ve Muvafakatname,169,103
KVKK Onay ve Muvafakatname,170,103
KVKK Onay ve Muvafakatname,171,103
KVKK Onay ve Muvafakatname,172,103
KVKK Onay ve Muvafakatname,173,103
KVKK Onay ve Muvafakatname,174,103
KVKK Onay ve Muvafakatname,175,103
KVKK Onay ve Muvafakatname,176,103
KVKK Onay ve Muvafakatname,177,103
KVKK Onay ve Muvafakatname,178,103
KVKK Onay ve Muvafakatname,179,103
KVKK Onay ve Muvafakatname,180,103
KVKK Onay ve Muvafakatname,181,103
KVKK Onay ve Muvafakatname,182,103
KVKK Onay ve Muvafakatname,183,103
KVKK Onay ve Muvafakatname,184,103
KVKK Onay ve Muvafakatname,185,103
KVKK Onay ve Muvafakatname,186,103
KVKK Onay ve Muvafakatname,187,103
KVKK Onay ve Muvafakatname,188,103
KVKK Onay ve Muvafakatname,189,103
KVKK Onay ve Muvafakatname,190,103
KVKK Onay ve Muvafakatname,191,103
KVKK Onay ve Muvafakatname,192,103
KVKK Onay ve Muvafakatname,193,103
KVKK Onay ve Muvafakatname,194,103
KVKK Onay ve Muvafakatname,195,103
KVKK Onay ve Muvafakatname,196,103
KVKK Onay ve Muvafakatname,197,103
KVKK Onay ve Muvafakatname,198,103
KVKK Onay ve Muvafakatname,199,103
KVKK Onay ve Muvafakatname,200,103
KVKK Onay ve Muvafakatname,201,103
KVKK Onay ve Muvafakatname,202,103
KVKK Onay ve Muvafakatname,203,103
KVKK Onay ve Muvafakatname,204,103
KVKK Onay ve Muvafakatname,205,103
KVKK Onay ve Muvafakatname,206,103
KVKK Onay ve Muvafakatname,207,103
KVKK Onay ve Muvafakatname,208,103
KVKK Onay ve Muvafakatname,209,103
KVKK Onay ve Muvafakatname,210,103
KVKK Onay ve Muvafakatname,211,103
KVKK Onay ve Muvafakatname,212,103
KVKK Onay ve Muvafakatname,213,103
KVKK Onay ve Muvafakatname,214,103
KVKK Onay ve Muvafakatname,215,103
KVKK Onay ve Muvafakatname,216,103
KVKK Onay ve Muvafakatname,217,103
KVKK Onay ve Muvafakatname,218,103
KVKK Onay ve Muvafakatname,219,103
KVKK Onay ve Muvafakatname,220,103
KVKK Onay ve Muvafakatname,221,103
KVKK Onay ve Muvafakatname,222,103
KVKK Onay ve Muvafakatname,223,103
KVKK Onay ve Muvafakatname,224,103
KVKK Onay ve Muvafakatname,225,103
KVKK Onay ve Muvafakatname,226,103
KVKK Onay ve Muvafakatname,227,103
KVKK Onay ve Muvafakatname,228,103
KVKK Onay ve Muvafakatname,229,103
KVKK Onay ve Muvafakatname,230,103
KVKK Onay ve Muvafakatname,231,103
KVKK Onay ve Muvafakatname,232,103
KVKK Onay ve Muvafakatname,233,103
KVKK Onay ve Muvafakatname,234,103
KVKK Onay ve Muvafakatname,235,103
KVKK Onay ve Muvafakatname,236,103
KVKK Onay ve Muvafakatname,237,103
KVKK Onay ve Muvafakatname,238,103
KVKK Onay ve Muvafakatname,239,103
KVKK Onay ve Muvafakatname,240,103
KVKK Onay ve Muvafakatname,241,103
KVKK Onay ve Muvafakatname,242,103
KVKK Onay ve Muvafakatname,243,103
KVKK Onay ve Muvafakatname,244,103
KVKK Onay ve Muvafakatname,245,103
KVKK Onay ve Muvafakatname,246,103
KVKK Onay ve Muvafakatname,247,103
KVKK Onay ve Muvafakatname,248,103
KVKK Onay ve Muvafakatname,249,103
KVKK Onay ve Muvafakatname,250,103
KVKK Onay ve Muvafakatname,251,103
KVKK Onay ve Muvafakatname,252,103
KVKK Onay ve Muvafakatname,253,103
KVKK Onay ve Muvafakatname,254,103
KVKK Onay ve Muvafakatname,255,103
KVKK Onay ve Muvafakatname,256,103
KVKK Onay ve Muvafakatname,257,103
KVKK Onay ve Muvafakatname,258,103
KVKK Onay ve Muvafakatname,259,103
KVKK Onay ve Muvafakatname,260,103
KVKK Onay ve Muvafakatname,261,103
KVKK Onay ve Muvafakatname,262,103
KVKK Onay ve Muvafakatname,263,103
KVKK Onay ve Muvafakatname,264,103
KVKK Onay ve Muvafakatname,265,103
KVKK Onay ve Muvafakatname,266,103
KVKK Onay ve Muvafakatname,267,103
KVKK Onay ve Muvafakatname,268,103
KVKK Onay ve Muvafakatname,269,103
KVKK Onay ve Muvafakatname,270,103
KVKK Onay ve Muvafakatname,271,103
KVKK Onay ve Muvafakatname,272,103
KVKK Onay ve Muvafakatname,273,103
KVKK Onay ve Muvafakatname,274,103
KVKK Onay ve Muvafakatname,275,103
KVKK Onay ve Muvafakatname,276,103
KVKK Onay ve Muvafakatname,277,103
KVKK Onay ve Muvafakatname,278,103
KVKK Onay ve Muvafakatname,279,103
KVKK Onay ve Muvafakatname,280,103
KVKK Onay ve Muvafakatname,281,103
KVKK Onay ve Muvafakatname,282,103
KVKK Onay ve Muvafakatname,283,103
KVKK Onay ve Muvafakatname,284,103
KVKK Onay ve Muvafakatname,285,103
KVKK Onay ve Muvafakatname,286,103
KVKK Onay ve Muvafakatname,287,103
KVKK Onay ve Muvafakatname,288,103
KVKK Onay ve Muvafakatname,289,103
KVKK Onay ve Muvafakatname,290,103
KVKK Onay ve Muvafakatname,291,103
KVKK Onay ve Muvafakatname,292,103
KVKK Onay ve Muvafakatname,293,103
KVKK Onay ve Muvafakatname,294,103
KVKK Onay ve Muvafakatname,295,103
KVKK Onay ve Muvafakatname,296,103
KVKK Onay ve Muvafakatname,297,103
KVKK Onay ve Muvafakatname,298,103
KVKK Onay ve Muvafakatname,299,103
KVKK Onay ve Muvafakatname,300,103
KVKK Onay ve Muvafakatname,301,103
KVKK Onay ve Muvafakatname,302,103
KVKK Onay ve Muvafakatname,303,103
KVKK Onay ve Muvafakatname,304,103
KVKK Onay ve Muvafakatname,305,103
KVKK Onay ve Muvafakatname,306,103
KVKK Onay ve Muvafakatname,307,103
KVKK Onay ve Muvafakatname,308,103
KVKK Onay ve Muvafakatname,309,103
KVKK Onay ve Muvafakatname,310,103
KVKK Onay ve Muvafakatname,311,103
KVKK Onay ve Muvafakatname,312,103
KVKK Onay ve Muvafakatname,313,103
KVKK Onay ve Muvafakatname,314,103
KVKK Onay ve Muvafakatname,315,103
KVKK Onay ve Muvafakatname,316,103
KVKK Onay ve Muvafakatname,317,103
KVKK Onay ve Muvafakatname,318,103
KVKK Onay ve Muvafakatname,319,103
KVKK Onay ve Muvafakatname,320,103
KVKK Onay ve Muvafakatname,321,103
KVKK Onay ve Muvafakatname,322,103
KVKK Onay ve Muvafakatname,323,103
KVKK Onay ve Muvafakatname,324,103
KVKK Onay ve Muvafakatname,325,103
KVKK Onay ve Muvafakatname,326,103
KVKK Onay ve Muvafakatname,327,103
KVKK Onay ve Muvafakatname,328,103
KVKK Onay ve Muvafakatname,329,103
KVKK Onay ve Muvafakatname,330,103
KVKK Onay ve Muvafakatname,331,103
KVKK Onay ve Muvafakatname,332,103
KVKK Onay ve Muvafakatname,333,103
KVKK Onay ve Muvafakatname,334,103
KVKK Onay ve Muvafakatname,335,103
KVKK Onay ve Muvafakatname,336,103
KVKK Onay ve Muvafakatname,337,103
KVKK Onay ve Muvafakatname,338,103
KVKK Onay ve Muvafakatname,339,103
KVKK Onay ve Muvafakatname,340,103
KVKK Onay ve Muvafakatname,341,103
KVKK Onay ve Muvafakatname,342,103
KVKK Onay ve Muvafakatname,343,103
KVKK Onay ve Muvafakatname,344,103
KVKK Onay ve Muvafakatname,345,103
KVKK Onay ve Muvafakatname,346,103
KVKK Onay ve Muvafakatname,347,103
KVKK Onay ve Muvafakatname,348,103
KVKK Onay ve Muvafakatname,349,103
KVKK Onay ve Muvafakatname,350,103
KVKK Onay ve Muvafakatname,351,103
KVKK Onay ve Muvafakatname,352,103
KVKK Onay ve Muvafakatname,353,103
KVKK Onay ve Muvafakatname,354,103
KVKK Onay ve Muvafakatname,355,103
KVKK Onay ve Muvafakatname,356,103
KVKK Onay ve Muvafakatname,357,103
KVKK Onay ve Muvafakatname,358,103
KVKK Onay ve Muvafakatname,359,103
KVKK Onay ve Muvafakatname,360,103
KVKK Onay ve Muvafakatname,361,103
KVKK Onay ve Muvafakatname,362,103
KVKK Onay ve Muvafakatname,363,103
KVKK Onay ve Muvafakatname,364,103
KVKK Onay ve Muvafakatname,365,103
KVKK Onay ve Muvafakatname,366,103
KVKK Onay ve Muvafakatname,367,103
KVKK Onay ve Muvafakatname,368,103
KVKK Onay ve Muvafakatname,369,103
KVKK Onay ve Muvafakatname,370,103
KVKK Onay ve Muvafakatname,371,103
KVKK Onay ve Muvafakatname,372,103
KVKK Onay ve Muvafakatname,373,103
KVKK Onay ve Muvafakatname,374,103
KVKK Onay ve Muvafakatname,375,103
KVKK Onay ve Muvafakatname,376,103
KVKK Onay ve Muvafakatname,377,103
KVKK Onay ve Muvafakatname,378,103
KVKK Onay ve Muvafakatname,379,103
KVKK Onay ve Muvafakatname,380,103
KVKK Onay ve Muvafakatname,381,103
KVKK Onay ve Muvafakatname,382,103
KVKK Onay ve Muvafakatname,383,103
KVKK Onay ve Muvafakatname,384,103
KVKK Onay ve Muvafakatname,385,103
KVKK Onay ve Muvafakatname,386,103
KVKK Onay ve Muvafakatname,387,103
KVKK Onay ve Muvafakatname,388,103
KVKK Onay ve Muvafakatname,389,103
KVKK Onay ve Muvafakatname,390,103
KVKK Onay ve Muvafakatname,391,103
KVKK Onay ve Muvafakatname,392,103
KVKK Onay ve Muvafakatname,393,103
KVKK Onay ve Muvafakatname,394,103
KVKK Onay ve Muvafakatname,395,103
KVKK Onay ve Muvafakatname,396,103
KVKK Onay ve Muvafakatname,397,103
KVKK Onay ve Muvafakatname,398,103
KVKK Onay ve Muvafakatname,399,103
KVKK Onay ve Muvafakatname,400,103
KVKK Onay ve Muvafakatname,401,103
KVKK Onay ve Muvafakatname,402,103
KVKK Onay ve Muvafakatname,403,103
KVKK Onay ve Muvafakatname,404,103
KVKK Onay ve Muvafakatname,405,103
KVKK Onay ve Muvafakatname,406,103
KVKK Onay ve Muvafakatname,407,103
KVKK Onay ve Muvafakatname,408,103
KVKK Onay ve Muvafakatname,409,103
KVKK Onay ve Muvafakatname,410,103
KVKK Onay ve Muvafakatname,411,103
KVKK Onay ve Muvafakatname,412,103
KVKK Onay ve Muvafakatname,413,103
KVKK Onay ve Muvafakatname,414,103
KVKK Onay ve Muvafakatname,415,103
KVKK Onay ve Muvafakatname,416,103
KVKK Onay ve Muvafakatname,417,103
KVKK Onay ve Muvafakatname,418,103
KVKK Onay ve Muvafakatname,419,103
KVKK Onay ve Muvafakatname,420,103
KVKK Onay ve Muvafakatname,421,103
KVKK Onay ve Muvafakatname,422,103
KVKK Onay ve Muvafakatname,423,103
KVKK Onay ve Muvafakatname,424,103
KVKK Onay ve Muvafakatname,425,103
KVKK Onay ve Muvafakatname,426,103
KVKK Onay ve Muvafakatname,427,103
KVKK Onay ve Muvafakatname,428,103
KVKK Onay ve Muvafakatname,429,103
KVKK Onay ve Muvafakatname,430,103
KVKK Onay ve Muvafakatname,431,103
KVKK Onay ve Muvafakatname,432,103
KVKK Onay ve Muvafakatname,433,103
KVKK Onay ve Muvafakatname,434,103
KVKK Onay ve Muvafakatname,435,103
KVKK Onay ve Muvafakatname,436,103
KVKK Onay ve Muvafakatname,437,103
KVKK Onay ve Muvafakatname,438,103
KVKK Onay ve Muvafakatname,439,103
KVKK Onay ve Muvafakatname,440,103
KVKK Onay ve Muvafakatname,441,103
KVKK Onay ve Muvafakatname,442,103
KVKK Onay ve Muvafakatname,443,103
KVKK Onay ve Muvafakatname,444,103
KVKK Onay ve Muvafakatname,445,103
KVKK Onay ve Muvafakatname,446,103
KVKK Onay ve Muvafakatname,447,103
KVKK Onay ve Muvafakatname,448,103
KVKK Onay ve Muvafakatname,449,103
KVKK Onay ve Muvafakatname,450,103
KVKK Onay ve Muvafakatname,451,103
KVKK Onay ve Muvafakatname,452,103
KVKK Onay ve Muvafakatname,453,103
KVKK Onay ve Muvafakatname,454,103
KVKK Onay ve Muvafakatname,455,103
KVKK Onay ve Muvafakatname,456,103
KVKK Onay ve Muvafakatname,457,103
KVKK Onay ve Muvafakatname,458,103
KVKK Onay ve Muvafakatname,459,103
KVKK Onay ve Muvafakatname,460,103
KVKK Onay ve Muvafakatname,461,103
KVKK Onay ve Muvafakatname,462,103
KVKK Onay ve Muvafakatname,463,103
KVKK Onay ve Muvafakatname,464,103
KVKK Onay ve Muvafakatname,465,103
KVKK Onay ve Muvafakatname,466,103
KVKK Onay ve Muvafakatname,467,103
KVKK Onay ve Muvafakatname,468,103
KVKK Onay ve Muvafakatname,469,103
KVKK Onay ve Muvafakatname,470,103
KVKK Onay ve Muvafakatname,471,103
KVKK Onay ve Muvafakatname,472,103
KVKK Onay ve Muvafakatname,473,103
KVKK Onay ve Muvafakatname,474,103
KVKK Onay ve Muvafakatname,475,103
KVKK Onay ve Muvafakatname,476,103
KVKK Onay ve Muvafakatname,477,103
KVKK Onay ve Muvafakatname,478,103
KVKK Onay ve Muvafakatname,479,103
KVKK Onay ve Muvafakatname,480,103
KVKK Onay ve Muvafakatname,481,103
KVKK Onay ve Muvafakatname,482,103
KVKK Onay ve Muvafakatname,483,103
KVKK Onay ve Muvafakatname,484,103
KVKK Onay ve Muvafakatname,485,103
KVKK Onay ve Muvafakatname,486,103
KVKK Onay ve Muvafakatname,487,103
KVKK Onay ve Muvafakatname,488,103
KVKK Onay ve Muvafakatname,489,103
KVKK Onay ve Muvafakatname,490,103
KVKK Onay ve Muvafakatname,491,103
KVKK Onay ve Muvafakatname,492,103
KVKK Onay ve Muvafakatname,493,103
KVKK Onay ve Muvafakatname,494,103
KVKK Onay ve Muvafakatname,495,103
KVKK Onay ve Muvafakatname,496,103
KVKK Onay ve Muvafakatname,497,103
KVKK Onay ve Muvafakatname,498,103
KVKK Onay ve Muvafakatname,499,103
KVKK Onay ve Muvafakatname,500,103
KVKK Onay ve Muvafakatname,501,103
KVKK Onay ve Muvafakatname,502,103
KVKK Onay ve Muvafakatname,503,103
KVKK Onay ve Muvafakatname,504,103
KVKK Onay ve Muvafakatname,505,103
KVKK Onay ve Muvafakatname,506,103
KVKK Onay ve Muvafakatname,507,103
KVKK Onay ve Muvafakatname,508,103
KVKK Onay ve Muvafakatname,509,103
KVKK Onay ve Muvafakatname,510,103
KVKK Onay ve Muvafakatname,511,103
KVKK Onay ve Muvafakatname,512,103
KVKK Onay ve Muvafakatname,513,103
KVKK Onay ve Muvafakatname,514,103
KVKK Onay ve Muvafakatname,515,103
KVKK Onay ve Muvafakatname,516,103
KVKK Onay ve Muvafakatname,517,103
KVKK Onay ve Muvafakatname,518,103
KVKK Onay ve Muvafakatname,519,103
KVKK Onay ve Muvafakatname,520,103
KVKK Onay ve Muvafakatname,521,103
KVKK Onay ve Muvafakatname,522,103
KVKK Onay ve Muvafakatname,523,103
KVKK Onay ve Muvafakatname,524,103
KVKK Onay ve Muvafakatname,525,103
KVKK Onay ve Muvafakatname,526,103
KVKK Onay ve Muvafakatname,527,103
KVKK Onay ve Muvafakatname,528,103
KVKK Onay ve Muvafakatname,529,103
KVKK Onay ve Muvafakatname,530,103
KVKK Onay ve Muvafakatname,531,103
KVKK Onay ve Muvafakatname,532,103
KVKK Onay ve Muvafakatname,533,103
KVKK Onay ve Muvafakatname,534,103
KVKK Onay ve Muvafakatname,535,103
KVKK Onay ve Muvafakatname,536,103
KVKK Onay ve Muvafakatname,537,103
KVKK Onay ve Muvafakatname,538,103
KVKK Onay ve Muvafakatname,539,103
KVKK Onay ve Muvafakatname,540,103
KVKK Onay ve Muvafakatname,541,103
KVKK Onay ve Muvafakatname,542,103
KVKK Onay ve Muvafakatname,543,103
KVKK Onay ve Muvafakatname,544,103
KVKK Onay ve Muvafakatname,545,103
KVKK Onay ve Muvafakatname,546,103
KVKK Onay ve Muvafakatname,547,103
KVKK Onay ve Muvafakatname,548,103
KVKK Onay ve Muvafakatname,549,103
KVKK Onay ve Muvafakatname,550,103
KVKK Onay ve Muvafakatname,551,103
KVKK Onay ve Muvafakatname,552,103
KVKK Onay ve Muvafakatname,553,103
KVKK Onay ve Muvafakatname,554,103
KVKK Onay ve Muvafakatname,555,103
KVKK Onay ve Muvafakatname,556,103
KVKK Onay ve Muvafakatname,557,103
KVKK Onay ve Muvafakatname,558,103
KVKK Onay ve Muvafakatname,559,103
KVKK Onay ve Muvafakatname,560,103
KVKK Onay ve Muvafakatname,561,103
KVKK Onay ve Muvafakatname,562,103
KVKK Onay ve Muvafakatname,563,103
KVKK Onay ve Muvafakatname,564,103
KVKK Onay ve Muvafakatname,565,103
KVKK Onay ve Muvafakatname,566,103
KVKK Onay ve Muvafakatname,567,103
KVKK Onay ve Muvafakatname,568,103
KVKK Onay ve Muvafakatname,569,103
KVKK Onay ve Muvafakatname,570,103
KVKK Onay ve Muvafakatname,571,103
KVKK Onay ve Muvafakatname,572,103
KVKK Onay ve Muvafakatname,573,103
KVKK Onay ve Muvafakatname,574,103
KVKK Onay ve Muvafakatname,575,103
KVKK Onay ve Muvafakatname,576,103
KVKK Onay ve Muvafakatname,577,103
KVKK Onay ve Muvafakatname,578,103
KVKK Onay ve Muvafakatname,579,103
KVKK Onay ve Muvafakatname,580,103
KVKK Onay ve Muvafakatname,581,103
KVKK Onay ve Muvafakatname,582,103
KVKK Onay ve Muvafakatname,583,103
KVKK Onay ve Muvafakatname,584,103
KVKK Onay ve Muvafakatname,585,103
KVKK Onay ve Muvafakatname,586,103
KVKK Onay ve Muvafakatname,587,103
KVKK Onay ve Muvafakatname,588,103
KVKK Onay ve Muvafakatname,589,103
KVKK Onay ve Muvafakatname,590,103
KVKK Onay ve Muvafakatname,591,103
KVKK Onay ve Muvafakatname,592,103
KVKK Onay ve Muvafakatname,593,103
KVKK Onay ve Muvafakatname,594,103
KVKK Onay ve Muvafakatname,595,103
KVKK Onay ve Muvafakatname,596,103
KVKK Onay ve Muvafakatname,597,103
KVKK Onay ve Muvafakatname,598,103
KVKK Onay ve Muvafakatname,599,103
KVKK Onay ve Muvafakatname,600,103
KVKK Onay ve Muvafakatname,601,103
KVKK Onay ve Muvafakatname,602,103
KVKK Onay ve Muvafakatname,603,103
KVKK Onay ve Muvafakatname,604,103
KVKK Onay ve Muvafakatname,605,103
KVKK Onay ve Muvafakatname,606,103
KVKK Onay ve Muvafakatname,607,103
KVKK Onay ve Muvafakatname,608,103
KVKK Onay ve Muvafakatname,609,103
KVKK Onay ve Muvafakatname,610,103
KVKK Onay ve Muvafakatname,611,103
KVKK Onay ve Muvafakatname,612,103
KVKK Onay ve Muvafakatname,613,103
KVKK Onay ve Muvafakatname,614,103
KVKK Onay ve Muvafakatname,615,103
KVKK Onay ve Muvafakatname,616,103
KVKK Onay ve Muvafakatname,617,103
KVKK Onay ve Muvafakatname,618,103
KVKK Onay ve Muvafakatname,619,103
KVKK Onay ve Muvafakatname,620,103
KVKK Onay ve Muvafakatname,621,103
KVKK Onay ve Muvafakatname,622,103
KVKK Onay ve Muvafakatname,623,103
KVKK Onay ve Muvafakatname,624,103
KVKK Onay ve Muvafakatname,625,103
KVKK Onay ve Muvafakatname,626,103
KVKK Onay ve Muvafakatname,627,103
KVKK Onay ve Muvafakatname,628,103
KVKK Onay ve Muvafakatname,629,103
KVKK Onay ve Muvafakatname,630,103
KVKK Onay ve Muvafakatname,631,103
KVKK Onay ve Muvafakatname,632,103
KVKK Onay ve Muvafakatname,633,103
KVKK Onay ve Muvafakatname,634,103
KVKK Onay ve Muvafakatname,635,103
KVKK Onay ve Muvafakatname,636,103
KVKK Onay ve Muvafakatname,637,103
KVKK Onay ve Muvafakatname,638,103
KVKK Onay ve Muvafakatname,639,103
KVKK Onay ve Muvafakatname,640,103
KVKK Onay ve Muvafakatname,641,103
KVKK Onay ve Muvafakatname,642,103
KVKK Onay ve Muvafakatname,643,103
KVKK Onay ve Muvafakatname,644,103
KVKK Onay ve Muvafakatname,645,103
KVKK Onay ve Muvafakatname,646,103
KVKK Onay ve Muvafakatname,647,103
KVKK Onay ve Muvafakatname,648,103
KVKK Onay ve Muvafakatname,649,103
KVKK Onay ve Muvafakatname,650,103
KVKK Onay ve Muvafakatname,651,103
KVKK Onay ve Muvafakatname,652,103
KVKK Onay ve Muvafakatname,653,103
KVKK Onay ve Muvafakatname,654,103
KVKK Onay ve Muvafakatname,655,103
KVKK Onay ve Muvafakatname,656,103
KVKK Onay ve Muvafakatname,657,103
KVKK Onay ve Muvafakatname,658,103
KVKK Onay ve Muvafakatname,659,103
KVKK Onay ve Muvafakatname,660,103
KVKK Onay ve Muvafakatname,661,103
KVKK Onay ve Muvafakatname,662,103
KVKK Onay ve Muvafakatname,663,103
KVKK Onay ve Muvafakatname,664,103
KVKK Onay ve Muvafakatname,665,103
KVKK Onay ve Muvafakatname,666,103
KVKK Onay ve Muvafakatname,667,103
KVKK Onay ve Muvafakatname,668,103
KVKK Onay ve Muvafakatname,669,103
KVKK Onay ve Muvafakatname,670,103
KVKK Onay ve Muvafakatname,671,103
KVKK Onay ve Muvafakatname,672,103
KVKK Onay ve Muvafakatname,673,103
KVKK Onay ve Muvafakatname,674,103
KVKK Onay ve Muvafakatname,675,103
KVKK Onay ve Muvafakatname,676,103
KVKK Onay ve Muvafakatname,677,103
KVKK Onay ve Muvafakatname,678,103
KVKK Onay ve Muvafakatname,679,103
KVKK Onay ve Muvafakatname,680,103
KVKK Onay ve Muvafakatname,681,103
KVKK Onay ve Muvafakatname,682,103
KVKK Onay ve Muvafakatname,683,103
KVKK Onay ve Muvafakatname,684,103
KVKK Onay ve Muvafakatname,685,103
KVKK Onay ve Muvafakatname,686,103
KVKK Onay ve Muvafakatname,687,103
KVKK Onay ve Muvafakatname,688,103
KVKK Onay ve Muvafakatname,689,103
KVKK Onay ve Muvafakatname,690,103
KVKK Onay ve Muvafakatname,691,103
KVKK Onay ve Muvafakatname,692,103
KVKK Onay ve Muvafakatname,693,103
KVKK Onay ve Muvafakatname,694,103
KVKK Onay ve Muvafakatname,695,103
KVKK Onay ve Muvafakatname,696,103
KVKK Onay ve Muvafakatname,697,103
KVKK Onay ve Muvafakatname,698,103
KVKK Onay ve Muvafakatname,699,103
KVKK Onay ve Muvafakatname,700,103
KVKK Onay ve Muvafakatname,701,103
KVKK Onay ve Muvafakatname,702,103
KVKK Onay ve Muvafakatname,703,103
KVKK Onay ve Muvafakatname,704,103
KVKK Onay ve Muvafakatname,705,103
KVKK Onay ve Muvafakatname,706,103
KVKK Onay ve Muvafakatname,707,103
KVKK Onay ve Muvafakatname,708,103
KVKK Onay ve Muvafakatname,709,103
KVKK Onay ve Muvafakatname,710,103
KVKK Onay ve Muvafakatname,711,103
KVKK Onay ve Muvafakatname,712,103
KVKK Onay ve Muvafakatname,713,103
KVKK Onay ve Muvafakatname,714,103
KVKK Onay ve Muvafakatname,715,103
KVKK Onay ve Muvafakatname,716,103
KVKK Onay ve Muvafakatname,717,103
KVKK Onay ve Muvafakatname,718,103
KVKK Onay ve Muvafakatname,719,103
KVKK Onay ve Muvafakatname,720,103
KVKK Onay ve Muvafakatname,721,103
KVKK Onay ve Muvafakatname,722,103
KVKK Onay ve Muvafakatname,723,103
KVKK Onay ve Muvafakatname,724,103
KVKK Onay ve Muvafakatname,725,103
KVKK Onay ve Muvafakatname,726,103
KVKK Onay ve Muvafakatname,727,103
KVKK Onay ve Muvafakatname,728,103
KVKK Onay ve Muvafakatname,729,103
KVKK Onay ve Muvafakatname,730,103
KVKK Onay ve Muvafakatname,731,103
KVKK Onay ve Muvafakatname,732,103
KVKK Onay ve Muvafakatname,733,103
KVKK Onay ve Muvafakatname,734,103
KVKK Onay ve Muvafakatname,735,103
KVKK Onay ve Muvafakatname,736,103
KVKK Onay ve Muvafakatname,737,103
KVKK Onay ve Muvafakatname,738,103
KVKK Onay ve Muvafakatname,739,103
KVKK Onay ve Muvafakatname,740,103
KVKK Onay ve Muvafakatname,741,103
KVKK Onay ve Muvafakatname,742,103
KVKK Onay ve Muvafakatname,743,103
KVKK Onay ve Muvafakatname,744,103
KVKK Onay ve Muvafakatname,745,103
KVKK Onay ve Muvafakatname,746,103
KVKK Onay ve Muvafakatname,747,103
KVKK Onay ve Muvafakatname,748,103
KVKK Onay ve Muvafakatname,749,103
KVKK Onay ve Muvafakatname,750,103
KVKK Onay ve Muvafakatname,751,103
KVKK Onay ve Muvafakatname,752,103
KVKK Onay ve Muvafakatname,753,103
KVKK Onay ve Muvafakatname,754,103
KVKK Onay ve Muvafakatname,755,103
KVKK Onay ve Muvafakatname,756,103
KVKK Onay ve Muvafakatname,757,103
KVKK Onay ve Muvafakatname,758,103
KVKK Onay ve Muvafakatname,759,103
KVKK Onay ve Muvafakatname,760,103
KVKK Onay ve Muvafakatname,761,103
KVKK Onay ve Muvafakatname,762,103
KVKK Onay ve Muvafakatname,763,103
KVKK Onay ve Muvafakatname,764,103
KVKK Onay ve Muvafakatname,765,103
KVKK Onay ve Muvafakatname,766,103
KVKK Onay ve Muvafakatname,767,103
KVKK Onay ve Muvafakatname,768,103
KVKK Onay ve Muvafakatname,769,103
KVKK Onay ve Muvafakatname,770,103
KVKK Onay ve Muvafakatname,771,103
KVKK Onay ve Muvafakatname,772,103
KVKK Onay ve Muvafakatname,773,103
KVKK Onay ve Muvafakatname,774,103
KVKK Onay ve Muvafakatname,775,103
KVKK Onay ve Muvafakatname,776,103
KVKK Onay ve Muvafakatname,777,103
KVKK Onay ve Muvafakatname,778,103
KVKK Onay ve Muvafakatname,779,103
KVKK Onay ve Muvafakatname,780,103
KVKK Onay ve Muvafakatname,781,103
KVKK Onay ve Muvafakatname,782,103
KVKK Onay ve Muvafakatname,783,103
KVKK Onay ve Muvafakatname,784,103
KVKK Onay ve Muvafakatname,785,103
KVKK Onay ve Muvafakatname,786,103
KVKK Onay ve Muvafakatname,787,103
KVKK Onay ve Muvafakatname,788,103
KVKK Onay ve Muvafakatname,789,103
KVKK Onay ve Muvafakatname,790,103
KVKK Onay ve Muvafakatname,791,103
KVKK Onay ve Muvafakatname,792,103
